[
  { "city": "Rio Branco", "state": "AC" },
  { "city": "Maceió", "state": "AL" },
  { "city": "Macapá", "state": "AP" },
  { "city": "Manaus", "state": "AM" },
  { "city": "Salvador", "state": "BA" },
  { "city": "Ilhéus", "state": "BA" },
  { "city": "Porto Seguro", "state": "BA" },
  { "city": "Fortaleza", "state": "CE" },
  { "city": "Jericoacoara (Cruz)", "state": "CE" },
  { "city": "Brasília", "state": "DF" },
  { "city": "Vitória", "state": "ES" },
  { "city": "Goiânia", "state": "GO" },
  { "city": "Caldas Novas", "state": "GO" },
  { "city": "São Luís", "state": "MA" },
  { "city": "Imperatriz", "state": "MA" },
  { "city": "Cuiabá", "state": "MT" },
  { "city": "Rondonópolis", "state": "MT" },
  { "city": "Campo Grande", "state": "MS" },
  { "city": "Bonito", "state": "MS" },
  { "city": "Belo Horizonte", "state": "MG" },
  { "city": "Confins (Belo Horizonte)", "state": "MG" },
  { "city": "Uberlândia", "state": "MG" },
  { "city": "Uberaba", "state": "MG" },
  { "city": "Juiz de Fora", "state": "MG" },
  { "city": "Montes Claros", "state": "MG" },
  { "city": "Belém", "state": "PA" },
  { "city": "Santarém", "state": "PA" },
  { "city": "Marabá", "state": "PA" },
  { "city": "João Pessoa", "state": "PB" },
  { "city": "Campina Grande", "state": "PB" },
  { "city": "Curitiba", "state": "PR" },
  { "city": "Foz do Iguaçu", "state": "PR" },
  { "city": "Londrina", "state": "PR" },
  { "city": "Maringá", "state": "PR" },
  { "city": "Recife", "state": "PE" },
  { "city": "Petrolina", "state": "PE" },
  { "city": "Teresina", "state": "PI" },
  { "city": "Rio de Janeiro", "state": "RJ" },
  { "city": "Niterói", "state": "RJ" },
  { "city": "Cabo Frio", "state": "RJ" },
  { "city": "Natal", "state": "RN" },
  { "city": "Porto Alegre", "state": "RS" },
  { "city": "Caxias do Sul", "state": "RS" },
  { "city": "Pelotas", "state": "RS" },
  { "city": "Santa Maria", "state": "RS" },
  { "city": "Porto Velho", "state": "RO" },
  { "city": "Boa Vista", "state": "RR" },
  { "city": "Florianópolis", "state": "SC" },
  { "city": "Joinville", "state": "SC" },
  { "city": "Navegantes", "state": "SC" },
  { "city": "Chapecó", "state": "SC" },
  { "city": "Blumenau", "state": "SC" },
  { "city": "São Paulo", "state": "SP" },
  { "city": "Campinas", "state": "SP" },
  { "city": "Guarulhos", "state": "SP" },
  { "city": "São José dos Campos", "state": "SP" },
  { "city": "Ribeirão Preto", "state": "SP" },
  { "city": "São José do Rio Preto", "state": "SP" },
  { "city": "Araraquara", "state": "SP" },
  { "city": "Bauru", "state": "SP" },
  { "city": "Aracaju", "state": "SE" },
  { "city": "Palmas", "state": "TO" },
  { "city": "Ji-Paraná", "state": "RO" },
  { "city": "Macapá", "state": "AP" },
  { "city": "Rio Branco", "state": "AC" }
]
